State,Account length,Area code,International plan,Voice mail plan,Number vmail messages,Total day minutes,Total day calls,Total day charge,Total eve minutes,Total eve calls,Total eve charge,Total night minutes,Total night calls,Total night charge,Total intl minutes,Total intl calls,Total intl charge,Customer service calls,Churn
NJ,137,415,No,No,0,243.4,114,41.38,121.2,110,10.3,162.6,104,7.32,12.2,5,3.29,0,False
NE,174,415,No,No,0,124.3,76,21.13,277.1,112,23.55,250.7,115,11.28,15.5,5,4.19,3,False
AK,136,415,Yes,Yes,33,203.9,106,34.66,187.6,99,15.95,101.7,107,4.58,10.5,6,2.84,3,False
ID,174,408,No,No,0,192.1,97,32.66,169.9,94,14.44,166.6,54,7.5,11.4,4,3.08,1,False
WY,43,415,Yes,No,0,251.5,105,42.76,212.8,104,18.09,157.8,67,7.1,9.3,4,2.51,0,False
UT,126,408,No,No,0,211.6,70,35.97,216.9,80,18.44,153.5,60,6.91,7.8,1,2.11,1,False
NY,144,408,No,No,0,61.6,117,10.47,77.1,85,6.55,173.0,99,7.79,8.2,7,2.21,4,True
KY,74,415,No,Yes,35,154.1,104,26.2,123.4,84,10.49,202.1,57,9.09,10.9,9,2.94,2,False
AZ,90,415,No,No,0,179.1,71,30.45,190.6,81,16.2,127.7,91,5.75,10.6,7,2.86,3,False
AK,104,408,No,No,0,278.4,106,47.33,81.0,113,6.89,163.2,137,7.34,9.8,5,2.65,1,False
MS,120,408,No,No,0,212.1,131,36.06,209.4,104,17.8,167.2,96,7.52,5.3,5,1.43,1,True
IN,122,408,No,No,0,170.5,94,28.99,173.7,109,14.76,248.6,75,11.19,11.3,2,3.05,1,False
MI,120,408,No,No,0,165.0,100,28.05,317.2,83,26.96,119.2,86,5.36,8.3,8,2.24,1,False
NE,46,408,No,No,0,210.2,92,35.73,227.3,77,19.32,200.1,116,9.0,13.1,7,3.54,1,False
MS,61,510,No,Yes,27,187.5,124,31.88,146.6,103,12.46,225.7,129,10.16,6.4,6,1.73,4,True
NY,75,415,No,Yes,21,175.8,97,29.89,217.5,106,18.49,237.5,134,10.69,5.3,4,1.43,5,False
NV,113,415,No,Yes,23,205.0,101,34.85,152.0,60,12.92,158.6,59,7.14,10.2,5,2.75,2,False
MI,62,415,No,No,0,98.9,103,16.81,135.4,122,11.51,236.6,82,10.65,12.2,1,3.29,1,False
NE,94,415,No,No,0,252.6,104,42.94,169.0,125,14.37,170.9,106,7.69,11.1,7,3.0,2,False
NM,73,415,No,No,0,214.3,145,36.43,268.5,135,22.82,241.2,92,10.85,10.8,13,2.92,1,False
CO,107,415,No,No,0,133.8,85,22.75,180.5,94,15.34,112.2,115,5.05,8.9,4,2.4,0,False
WA,157,415,No,No,0,152.7,105,25.96,257.5,80,21.89,198.1,93,8.91,9.4,4,2.54,1,False
MD,106,510,No,No,0,213.9,95,36.36,151.9,70,12.91,260.1,124,11.7,12.2,5,3.29,3,False
AZ,86,408,No,Yes,31,167.6,139,28.49,113.0,118,9.61,246.9,121,11.11,12.2,6,3.29,1,False
FL,93,415,No,No,0,151.4,89,25.74,186.4,76,15.84,172.5,120,7.76,10.9,3,2.94,0,False
AL,106,415,No,No,0,223.0,121,37.91,110.1,98,9.36,188.7,107,8.49,7.1,12,1.92,0,False
OK,88,408,No,No,0,65.4,97,11.12,168.2,76,14.3,236.0,113,10.62,13.8,1,3.73,2,False
MD,93,408,Yes,No,0,312.0,109,53.04,129.4,100,11.0,217.6,74,9.79,10.5,2,2.84,0,True
NV,53,415,No,No,0,168.8,97,28.7,220.3,87,18.73,154.3,113,6.94,10.9,2,2.94,0,False
NJ,138,510,No,No,0,220.2,89,37.43,88.3,125,7.51,195.3,79,8.79,12.9,5,3.48,0,False
PA,101,415,No,No,0,206.6,105,35.12,224.9,117,19.12,249.9,100,11.25,14.6,3,3.94,0,False
AL,131,415,No,Yes,25,192.7,85,32.76,225.9,105,19.2,254.2,59,11.44,10.9,6,2.94,2,False
ME,113,415,No,No,0,215.5,129,36.64,218.7,117,18.59,207.1,91,9.32,6.6,9,1.78,4,False
AZ,136,510,No,No,0,92.0,117,15.64,253.6,77,21.56,214.1,90,9.63,10.3,10,2.78,1,False
RI,112,510,No,No,0,194.4,101,33.05,190.3,82,16.18,183.4,107,8.25,11.4,2,3.08,0,False
MA,39,408,No,No,0,60.4,158,10.27,306.2,120,26.03,123.9,46,5.58,12.4,3,3.35,1,False
GA,103,415,No,Yes,28,121.0,105,20.57,270.4,100,22.98,160.5,76,7.22,7.7,4,2.08,2,False
RI,119,415,No,Yes,29,117.8,66,20.03,256.8,114,21.83,147.6,76,6.64,7.6,3,2.05,3,False
VA,104,408,No,No,0,138.7,107,23.58,256.9,113,21.84,234.9,74,10.57,10.0,3,2.7,0,False
OR,148,415,No,No,0,86.3,134,14.67,246.6,92,20.96,251.6,91,11.32,11.3,4,3.05,1,False
WI,81,415,No,Yes,33,161.6,117,27.47,123.0,90,10.46,261.3,101,11.76,12.2,5,3.29,1,False
AK,59,510,No,No,0,182.5,104,31.03,204.7,95,17.4,229.9,100,10.35,11.3,8,3.05,4,False
AK,117,415,No,No,0,181.5,95,30.86,205.1,88,17.43,204.0,82,9.18,14.7,9,3.97,2,False
NM,122,408,No,Yes,23,134.2,85,22.81,227.3,132,19.32,122.4,96,5.51,8.5,2,2.3,2,False
SC,90,408,No,Yes,29,150.1,109,25.52,264.7,103,22.5,178.4,97,8.03,5.8,4,1.57,1,False
KS,132,415,No,No,0,83.4,110,14.18,232.2,137,19.74,146.7,114,6.6,7.6,5,2.05,1,False
AZ,90,415,No,No,0,179.2,77,30.46,210.7,99,17.91,276.9,58,12.46,9.2,6,2.48,2,False
ND,79,408,No,No,0,205.7,123,34.97,214.5,108,18.23,226.1,106,10.17,6.7,18,1.81,1,False
SD,137,510,No,No,0,242.1,118,41.16,191.0,93,16.24,218.6,50,9.84,14.7,2,3.97,3,False
IN,117,415,Yes,Yes,22,196.0,82,33.32,322.7,82,27.43,225.6,120,10.15,3.7,5,1.0,1,False
CT,99,415,No,No,0,146.7,64,24.94,274.0,99,23.29,321.3,98,14.46,8.9,1,2.4,3,False
WV,43,415,No,No,0,168.4,125,28.63,243.8,89,20.72,214.7,102,9.66,11.1,2,3.0,1,False
MD,98,415,No,No,0,206.5,92,35.11,176.2,152,14.98,232.8,115,10.48,12.4,5,3.35,5,False
DC,66,415,No,No,0,167.3,91,28.44,230.0,68,19.55,191.7,118,8.63,10.6,5,2.86,1,True
GA,98,415,No,Yes,31,121.0,105,20.57,218.9,98,18.61,226.7,110,10.2,12.0,1,3.24,1,False
WI,92,415,Yes,No,0,264.3,91,44.93,160.9,115,13.68,198.6,73,8.94,9.3,5,2.51,0,False
RI,133,510,Yes,No,0,127.3,108,21.64,251.3,81,21.36,135.0,88,6.08,10.3,3,2.78,1,False
MN,51,510,No,No,0,259.9,114,44.18,176.2,94,14.98,77.2,112,3.47,15.3,1,4.13,1,False
NH,67,415,No,Yes,40,104.9,65,17.83,216.3,93,18.39,217.4,128,9.78,9.6,9,2.59,1,False
MI,112,510,No,No,0,243.4,77,41.38,182.1,97,15.48,259.2,94,11.66,12.8,2,3.46,1,False
SC,78,415,No,No,0,155.0,106,26.35,175.3,101,14.9,155.6,125,7.0,11.8,5,3.19,2,False
WY,113,510,No,No,0,155.0,93,26.35,330.6,106,28.1,189.4,123,8.52,13.5,3,3.65,1,False
TX,88,510,No,No,0,138.3,116,23.51,236.0,138,20.06,179.1,110,8.06,9.6,4,2.59,3,False
KS,86,408,No,Yes,23,225.5,107,38.34,246.3,105,20.94,245.7,81,11.06,9.8,2,2.65,0,False
KY,54,408,No,No,0,159.8,99,27.17,264.0,64,22.44,115.7,70,5.21,9.7,7,2.62,2,False
AL,41,510,No,Yes,34,194.4,63,33.05,254.9,110,21.67,160.2,115,7.21,17.2,9,4.64,2,False
NE,44,415,No,No,0,240.3,146,40.85,164.6,83,13.99,240.7,106,10.83,10.6,2,2.86,1,False
ID,99,408,No,No,0,190.4,102,32.37,158.1,107,13.44,271.5,92,12.22,11.2,4,3.02,2,False
HI,166,408,No,No,0,181.4,108,30.84,253.8,54,21.57,112.3,94,5.05,11.6,6,3.13,1,False
MD,74,415,No,No,0,155.7,116,26.47,173.7,63,14.76,257.4,97,11.58,8.1,4,2.19,0,False
GA,85,510,No,No,0,222.3,132,37.79,231.5,101,19.68,223.5,75,10.06,11.0,2,2.97,3,False
IN,76,415,No,No,0,204.2,100,34.71,292.6,139,24.87,244.3,105,10.99,10.5,2,2.84,0,False
MI,93,415,Yes,No,0,216.9,61,36.87,207.4,120,17.63,221.7,110,9.98,17.5,5,4.73,1,True
AL,60,408,Yes,Yes,29,265.9,113,45.2,215.8,94,18.34,108.1,82,4.86,14.0,12,3.78,0,True
WI,41,408,No,No,0,202.9,97,34.49,153.8,104,13.07,113.5,92,5.11,9.0,3,2.43,3,False
KY,122,408,No,Yes,27,253.7,84,43.13,229.2,109,19.48,190.5,123,8.57,9.2,5,2.48,7,False
MI,30,510,No,No,0,227.4,88,38.66,182.5,100,15.51,191.7,134,8.63,12.5,3,3.38,0,False
NY,47,415,No,Yes,37,163.5,77,27.8,203.1,102,17.26,232.0,87,10.44,7.8,4,2.11,2,False
OR,98,415,No,Yes,38,213.7,61,36.33,253.0,104,21.51,207.7,73,9.35,10.7,5,2.89,2,False
OK,125,415,No,Yes,36,201.3,117,34.22,42.2,78,3.59,125.7,104,5.66,5.4,3,1.46,1,False
NE,194,408,No,No,0,48.4,101,8.23,281.1,138,23.89,218.5,87,9.83,18.2,1,4.91,1,False
TX,128,415,No,Yes,40,171.2,88,29.1,145.7,109,12.38,196.8,93,8.86,14.0,6,3.78,1,False
NM,65,415,No,No,0,148.7,80,25.28,259.0,94,22.02,149.5,107,6.73,12.7,6,3.43,2,False
TX,58,408,No,Yes,20,194.5,110,33.07,213.7,89,18.16,236.6,92,10.65,9.5,2,2.57,1,False
MT,74,408,No,No,0,174.1,96,29.6,251.1,94,21.34,257.6,123,11.59,8.3,5,2.24,2,True
CT,66,415,No,Yes,29,229.4,104,39.0,257.4,84,21.88,231.5,119,10.42,8.0,1,2.16,2,False
MD,85,510,Yes,No,0,216.0,73,36.72,188.2,117,16.0,147.1,98,6.62,3.6,7,0.97,2,False
MN,186,415,No,Yes,26,74.3,107,12.63,177.3,116,15.07,296.3,90,13.33,14.5,3,3.92,2,False
FL,92,415,No,No,0,201.9,74,34.32,226.8,119,19.28,217.5,80,9.79,13.7,6,3.7,3,False
NM,104,415,No,No,0,164.2,109,27.91,155.4,90,13.21,168.9,117,7.6,10.7,8,2.89,1,False
AR,110,408,No,No,0,55.3,102,9.4,164.7,124,14.0,200.7,108,9.03,10.2,5,2.75,1,False
TX,90,408,Yes,No,0,221.8,97,37.71,203.8,134,17.32,215.8,154,9.71,8.4,4,2.27,1,False
MA,62,415,Yes,No,0,159.7,86,27.15,197.5,76,16.79,121.6,105,5.47,13.9,6,3.75,0,True
WY,28,415,No,No,0,187.8,94,31.93,248.6,86,21.13,208.8,124,9.4,10.6,5,2.86,0,False
DC,41,408,No,Yes,37,239.8,110,40.77,221.9,115,18.86,189.1,100,8.51,7.3,1,1.97,2,False
VA,153,510,No,No,0,195.4,107,33.22,154.6,96,13.14,142.8,97,6.43,11.6,6,3.13,1,False
TX,97,510,No,No,0,144.2,91,24.51,226.7,137,19.27,144.6,72,6.51,13.8,4,3.73,3,False
NJ,95,408,Yes,Yes,37,220.2,109,37.43,185.3,99,15.75,205.1,82,9.23,4.1,2,1.11,0,True
VT,97,415,No,No,0,112.7,119,19.16,217.7,109,18.5,152.1,76,6.84,6.5,5,1.76,1,False
GA,76,415,No,No,0,299.5,125,50.92,226.7,92,19.27,210.7,134,9.48,13.7,4,3.7,0,True
DE,106,415,No,No,0,128.6,83,21.86,134.0,114,11.39,210.6,113,9.48,11.4,2,3.08,0,False
MT,50,415,No,Yes,22,252.9,112,42.99,177.9,99,15.12,158.4,146,7.13,8.5,4,2.3,3,False
CA,96,510,No,Yes,31,183.4,126,31.18,195.5,106,16.62,180.1,93,8.1,10.5,5,2.84,1,False
NE,63,415,No,No,0,211.2,80,35.9,237.7,93,20.2,259.2,58,11.66,12.3,2,3.32,0,False
ND,147,408,No,No,0,205.3,95,34.9,166.7,128,14.17,240.6,84,10.83,7.8,4,2.11,1,False
WY,171,415,No,No,0,231.2,135,39.3,188.7,74,16.04,206.9,124,9.31,12.3,1,3.32,1,False
IL,151,408,No,No,0,175.3,106,29.8,144.3,87,12.27,160.2,88,7.21,11.8,5,3.19,0,False
CO,60,408,No,No,0,125.1,99,21.27,248.8,62,21.15,211.3,79,9.51,11.2,3,3.02,3,False
NE,189,415,No,Yes,38,256.7,98,43.64,150.5,120,12.79,123.0,87,5.54,11.4,3,3.08,3,False
IA,98,415,No,No,0,216.8,86,36.86,190.8,114,16.22,187.5,79,8.44,11.0,9,2.97,0,False
RI,94,415,No,No,0,139.4,95,23.7,159.1,92,13.52,128.2,129,5.77,7.7,3,2.08,0,False
MO,161,510,No,No,0,221.7,95,37.69,193.0,82,16.41,194.1,113,8.73,6.5,4,1.76,3,False
TN,69,510,No,No,0,195.3,70,33.2,216.7,108,18.42,259.9,119,11.7,12.5,4,3.38,3,False
AK,78,510,No,No,0,190.3,88,32.35,194.5,89,16.53,256.5,109,11.54,11.7,5,3.16,2,False
WY,90,415,No,No,0,207.2,121,35.22,292.5,104,24.86,226.3,103,10.18,8.0,1,2.16,2,False
LA,158,408,No,No,0,202.0,126,34.34,163.5,86,13.9,195.4,84,8.79,10.4,6,2.81,1,False
NV,136,415,No,Yes,21,179.4,88,30.5,181.1,97,15.39,320.7,120,14.43,9.5,4,2.57,2,False
KS,103,408,Yes,No,0,62.8,124,10.68,170.4,66,14.48,280.2,78,12.61,9.4,4,2.54,3,False
HI,73,408,No,No,0,187.3,118,31.84,239.7,90,20.37,167.5,108,7.54,15.1,2,4.08,1,False
GA,135,415,No,Yes,22,197.1,113,33.51,259.4,95,22.05,134.7,135,6.06,14.6,5,3.94,2,False
MT,72,415,No,No,0,253.0,73,43.01,219.3,78,18.64,210.8,89,9.49,9.8,4,2.65,0,False
WV,137,408,No,No,0,174.4,120,29.65,156.3,98,13.29,136.5,121,6.14,10.2,5,2.75,0,False
OH,83,510,No,No,0,227.9,78,38.74,207.5,115,17.64,211.7,100,9.53,12.1,5,3.27,1,False
UT,243,510,No,No,0,95.5,92,16.24,163.7,63,13.91,264.2,118,11.89,6.6,6,1.78,2,False
DE,147,510,No,No,0,209.4,104,35.6,132.5,78,11.26,149.4,123,6.72,11.3,3,3.05,2,False
IL,138,510,Yes,No,0,169.3,82,28.78,217.9,147,18.52,184.2,77,8.29,9.4,9,2.54,1,False
CO,121,408,Yes,No,0,167.7,94,28.51,93.7,121,7.96,241.3,115,10.86,13.4,1,3.62,3,True
VT,111,408,No,No,0,99.3,112,16.88,270.5,136,22.99,225.3,94,10.14,9.0,6,2.43,3,False
WA,166,408,No,No,0,274.3,110,46.63,52.9,109,4.5,246.1,119,11.07,10.9,5,2.94,0,False
AL,93,408,No,No,0,267.9,114,45.54,223.0,74,18.96,262.7,90,11.82,11.3,3,3.05,3,True
CT,155,510,No,No,0,165.4,108,28.12,183.7,103,15.61,80.2,108,3.61,8.9,4,2.4,3,False
MD,42,408,No,No,0,196.5,89,33.41,241.3,123,20.51,143.2,105,6.44,4.0,7,1.08,0,False
MA,98,510,No,No,0,271.4,119,46.14,190.4,102,16.18,284.7,118,12.81,11.1,6,3.0,4,True
WI,62,415,No,No,0,281.0,66,47.77,160.6,108,13.65,77.9,74,3.51,0.0,0,0.0,1,False
DE,73,415,No,No,0,254.8,85,43.32,143.4,80,12.19,153.9,102,6.93,15.0,7,4.05,2,False
ME,97,510,No,No,0,120.8,96,20.54,169.8,101,14.43,194.1,63,8.73,11.9,3,3.21,4,True
DC,108,408,No,Yes,35,215.9,106,36.7,200.6,107,17.05,195.4,107,8.79,15.5,7,4.19,0,False
HI,149,510,No,No,0,166.6,61,28.32,218.8,107,18.6,208.3,131,9.37,8.2,6,2.21,7,False
MO,179,510,No,No,0,287.3,123,48.84,288.0,114,24.48,266.0,112,11.97,10.5,4,2.84,0,True
MO,152,408,No,No,0,101.2,122,17.2,141.6,87,12.04,198.5,124,8.93,7.5,3,2.03,2,False
MD,86,408,No,No,0,226.3,88,38.47,223.0,107,18.96,255.6,92,11.5,13.0,3,3.51,4,False
NE,91,510,No,Yes,37,162.3,107,27.59,233.9,115,19.88,277.4,94,12.48,9.2,4,2.48,0,False
DE,117,415,No,No,0,168.8,137,28.7,241.4,107,20.52,204.8,106,9.22,15.5,4,4.19,0,False
VT,126,415,No,No,0,226.2,88,38.45,140.3,114,11.93,208.9,110,9.4,6.4,2,1.73,0,False
OR,132,510,No,No,0,191.9,107,32.62,206.9,127,17.59,272.0,88,12.24,12.6,2,3.4,1,False
NJ,46,408,No,No,0,257.4,67,43.76,261.1,91,22.19,204.4,107,9.2,13.4,5,3.62,2,True
AL,87,408,No,No,0,237.2,124,40.32,222.6,87,18.92,173.3,81,7.8,11.0,3,2.97,1,False
AK,108,415,No,No,0,103.0,129,17.51,242.3,103,20.6,170.2,89,7.66,7.9,3,2.13,1,False
NV,144,415,Yes,No,0,150.0,69,25.5,285.9,73,24.3,190.6,121,8.58,9.4,15,2.54,0,False
GA,58,408,No,No,0,165.4,100,28.12,115.7,87,9.83,193.8,118,8.72,12.8,5,3.46,2,False
AR,5,415,No,No,0,199.2,106,33.86,187.3,12,15.92,214.0,85,9.63,13.3,3,3.59,3,False
MA,97,408,No,No,0,217.6,81,36.99,320.5,51,27.24,150.7,110,6.78,4.2,3,1.13,0,False
MO,142,415,No,Yes,30,154.0,75,26.18,165.8,97,14.09,270.0,83,12.15,10.8,5,2.92,1,False
AZ,73,415,No,No,0,175.4,130,29.82,248.1,105,21.09,122.4,85,5.51,12.2,4,3.29,0,False
LA,87,415,No,No,0,228.7,90,38.88,163.0,99,13.86,154.1,90,6.93,11.8,3,3.19,1,False
KY,104,415,No,No,0,130.5,77,22.19,131.2,117,11.15,264.7,63,11.91,13.0,6,3.51,0,False
NC,165,415,No,No,0,207.7,109,35.31,164.8,94,14.01,54.5,91,2.45,7.9,3,2.13,0,False
TN,140,415,No,No,0,125.3,84,21.3,167.6,121,14.25,260.6,94,11.73,8.4,4,2.27,1,False
VT,93,408,No,Yes,32,138.1,91,23.48,167.3,72,14.22,238.9,115,10.75,6.8,3,1.84,2,False
NY,11,415,No,No,0,143.4,130,24.38,289.4,50,24.6,194.0,100,8.73,9.7,6,2.62,2,False
HI,115,415,No,Yes,33,145.0,72,24.65,194.5,157,16.53,242.3,138,10.9,14.2,3,3.83,2,False
AR,100,510,No,No,0,142.5,87,24.23,195.7,88,16.63,122.1,117,5.49,7.8,8,2.11,2,False
AK,146,510,Yes,No,0,133.0,65,22.61,262.8,93,22.34,214.3,128,9.64,11.2,3,3.02,1,False
UT,161,510,Yes,No,0,194.2,106,33.01,249.4,105,21.2,254.9,129,11.47,12.9,1,3.48,1,True
UT,87,415,No,No,0,146.3,108,24.87,171.8,102,14.6,167.5,66,7.54,5.3,9,1.43,1,False
IN,87,510,No,No,0,234.8,85,39.92,140.9,91,11.98,204.3,93,9.19,9.5,5,2.57,1,False
CT,150,510,No,No,0,189.3,77,32.18,220.9,105,18.78,238.7,117,10.74,9.2,5,2.48,4,False
FL,91,510,Yes,Yes,24,93.5,112,15.9,183.4,128,15.59,240.7,133,10.83,9.9,3,2.67,0,False
NV,102,415,No,No,0,144.4,87,24.55,266.5,128,22.65,217.6,59,9.79,7.1,7,1.92,0,False
MN,75,415,No,No,0,143.2,92,24.34,209.1,142,17.77,173.0,96,7.79,11.9,9,3.21,1,False
MO,164,408,No,Yes,25,219.1,88,37.25,151.5,99,12.88,50.1,60,2.25,14.3,6,3.86,1,False
NH,110,408,No,No,0,162.0,81,27.54,247.5,89,21.04,155.5,99,7.0,8.9,8,2.4,0,False
OH,114,415,No,No,0,191.5,88,32.56,175.2,78,14.89,220.3,118,9.91,0.0,0,0.0,0,False
IN,105,510,No,Yes,42,101.9,79,17.32,223.1,97,18.96,241.6,77,10.87,12.9,2,3.48,0,False
AL,131,510,No,No,0,153.4,86,26.08,198.5,81,16.87,164.4,83,7.4,10.4,3,2.81,0,False
ME,59,510,No,No,0,166.3,95,28.27,239.3,87,20.34,123.2,108,5.54,10.0,3,2.7,2,False
VA,210,408,No,No,0,104.6,121,17.78,149.5,71,12.71,255.1,67,11.48,6.5,8,1.76,2,False
ID,82,408,No,No,0,101.0,93,17.17,155.6,104,13.23,304.4,93,13.7,13.3,2,3.59,0,False
MA,47,415,No,No,0,155.3,116,26.4,188.2,85,16.0,247.0,73,11.12,12.3,4,3.32,3,False
VT,99,408,No,Yes,19,87.7,103,14.91,223.0,86,18.96,182.3,112,8.2,7.3,4,1.97,2,False
CO,157,415,No,No,0,196.0,74,33.32,213.4,96,18.14,196.8,81,8.86,7.9,6,2.13,1,False
TX,47,408,No,Yes,28,112.2,70,19.07,154.8,106,13.16,166.7,105,7.5,10.6,2,2.86,0,False
CO,101,408,No,Yes,23,262.2,101,44.57,157.0,80,13.35,129.1,100,5.81,7.3,14,1.97,1,False
MD,172,408,No,No,0,287.1,108,48.81,178.4,125,15.16,153.2,98,6.89,14.4,2,3.89,3,True
IN,100,510,No,No,0,247.8,117,42.13,130.0,95,11.05,134.3,125,6.04,6.9,2,1.86,1,False
MO,98,415,No,No,0,221.2,80,37.6,213.6,104,18.16,291.8,89,13.13,11.9,3,3.21,4,False
NJ,153,415,No,No,0,193.8,90,32.95,195.3,121,16.6,182.7,108,8.22,8.5,3,2.3,1,False
ND,94,408,No,No,0,174.0,85,29.58,241.1,114,20.49,207.8,94,9.35,7.9,1,2.13,1,False
KS,131,415,No,Yes,28,249.6,87,42.43,227.2,138,19.31,239.9,92,10.8,7.6,3,2.05,3,False
AR,109,510,No,No,0,170.7,101,29.02,240.2,82,20.42,119.0,112,5.36,11.4,4,3.08,2,False
CO,105,408,No,No,0,270.9,98,46.05,226.2,110,19.23,178.8,60,8.05,8.8,5,2.38,0,True
KS,24,510,No,No,0,243.0,91,41.31,183.9,77,15.63,184.3,109,8.29,15.3,6,4.13,0,True
OK,159,510,No,No,0,198.8,107,33.8,195.5,91,16.62,213.3,120,9.6,16.5,7,4.46,5,False
ND,136,510,Yes,No,0,256.8,90,43.66,230.1,104,19.56,143.6,82,6.46,9.1,10,2.46,3,False
MN,122,415,No,No,0,140.1,120,23.82,231.4,128,19.67,188.1,127,8.46,11.2,5,3.02,2,False
MN,138,415,No,No,0,194.3,83,33.03,189.9,97,16.14,232.2,102,10.45,9.0,3,2.43,5,False
RI,107,510,Yes,No,0,194.4,83,33.05,247.8,84,21.06,245.4,93,11.04,11.2,7,3.02,2,False
NC,58,510,No,No,0,112.2,95,19.07,209.6,108,17.82,260.9,78,11.74,13.9,1,3.75,0,True
RI,111,415,No,No,0,229.4,107,39.0,214.1,99,18.2,289.6,95,13.03,10.4,6,2.81,4,False
OR,135,415,No,No,0,263.8,66,44.85,251.3,116,21.36,200.1,112,9.0,8.4,2,2.27,5,True
SC,109,415,No,Yes,46,217.5,123,36.98,233.7,84,19.86,163.9,99,7.38,9.0,3,2.43,4,False
MA,56,510,No,No,0,253.2,95,43.04,188.0,116,15.98,142.0,133,6.39,4.4,4,1.19,1,False
VT,120,415,No,No,0,221.3,106,37.62,267.6,98,22.75,111.5,80,5.02,9.3,7,2.51,0,False
HI,98,415,No,Yes,31,181.6,112,30.87,220.7,100,18.76,236.3,121,10.63,12.9,4,3.48,2,False
VA,87,415,No,No,0,171.6,119,29.17,205.0,107,17.43,170.6,114,7.68,13.8,4,3.73,0,False
WA,110,510,No,No,0,185.1,100,31.47,165.1,88,14.03,111.6,104,5.02,6.3,4,1.7,3,False
NE,89,415,No,Yes,29,163.5,80,27.8,274.8,136,23.36,381.9,147,17.19,7.5,5,2.03,2,False
WI,51,408,No,No,0,197.8,60,33.63,221.0,64,18.79,168.6,134,7.59,8.9,5,2.4,1,False
TN,17,510,No,Yes,31,153.1,115,26.03,185.9,59,15.8,224.3,102,10.09,10.0,1,2.7,6,True
VA,130,408,No,No,0,211.2,119,35.9,231.1,120,19.64,220.9,80,9.94,6.3,9,1.7,2,False
AZ,137,415,No,No,0,141.1,91,23.99,147.2,100,12.51,254.7,75,11.46,8.0,7,2.16,2,False
ID,95,415,No,Yes,32,247.0,109,41.99,125.6,91,10.68,226.5,90,10.19,10.5,4,2.84,3,False
WI,105,408,No,No,0,147.7,103,25.11,222.7,78,18.93,163.5,102,7.36,12.8,3,3.46,2,False
TX,50,408,No,Yes,31,302.7,93,51.46,240.5,119,20.44,193.9,103,8.73,13.6,14,3.67,3,False
IA,118,415,No,No,0,136.1,120,23.14,204.2,103,17.36,228.2,90,10.27,11.3,4,3.05,1,False
HI,35,415,No,No,0,124.2,102,21.11,123.9,115,10.53,135.7,100,6.11,13.1,8,3.54,2,False
AZ,113,510,No,No,0,81.3,116,13.82,220.6,124,18.75,235.7,113,10.61,8.9,3,2.4,0,False
MD,140,415,Yes,Yes,27,188.9,124,32.11,160.9,102,13.68,197.7,100,8.9,11.5,5,3.11,4,False
AZ,104,408,No,No,0,167.6,116,28.49,219.2,112,18.63,215.9,94,9.72,11.7,2,3.16,4,False
NH,133,408,No,No,0,162.1,91,27.56,212.1,94,18.03,260.4,78,11.72,12.2,5,3.29,1,False
LA,99,510,No,No,0,142.3,89,24.19,204.5,95,17.38,203.1,114,9.14,9.1,1,2.46,0,False
MI,81,415,Yes,No,0,149.4,68,25.4,171.9,98,14.61,214.5,97,9.65,17.9,3,4.83,3,True
AL,96,415,Yes,No,0,200.6,117,34.1,289.5,120,24.61,98.3,95,4.42,11.2,5,3.02,2,False
WV,11,510,No,Yes,38,209.8,130,35.67,196.6,84,16.71,233.0,79,10.49,7.0,7,1.89,1,False
UT,47,408,No,Yes,37,112.8,150,19.18,243.9,97,20.73,178.7,112,8.04,13.2,6,3.56,2,False
ND,60,510,No,No,0,203.2,99,34.54,235.8,131,20.04,224.9,112,10.12,15.1,6,4.08,2,False
WV,79,415,No,No,0,222.3,99,37.79,146.2,82,12.43,275.6,82,12.4,8.9,4,2.4,3,False
CO,192,415,No,No,0,221.6,101,37.67,285.2,50,24.24,167.4,83,7.53,12.7,6,3.43,4,False
VA,77,510,No,No,0,144.9,136,24.63,151.3,115,12.86,252.4,73,11.36,12.3,3,3.32,2,False
UT,105,415,No,Yes,40,236.5,111,40.21,117.0,110,9.95,221.1,115,9.95,8.1,3,2.19,2,False
DE,67,415,Yes,Yes,35,181.1,59,30.79,215.9,116,18.35,216.3,106,9.73,16.9,4,4.56,0,True
RI,123,415,No,Yes,27,218.7,79,37.18,163.4,78,13.89,173.8,116,7.82,15.0,1,4.05,0,False
FL,41,415,No,Yes,41,207.3,95,35.24,137.3,120,11.67,115.7,74,5.21,5.9,3,1.59,1,False
MD,76,415,Yes,No,0,273.3,66,46.46,263.6,121,22.41,165.2,84,7.43,12.0,7,3.24,1,True
HI,118,415,No,No,0,253.2,122,43.04,201.0,78,17.09,195.3,108,8.79,9.7,7,2.62,2,False
WI,78,408,No,No,0,87.0,102,14.79,193.6,64,16.46,205.8,120,9.26,11.0,5,2.97,0,False
NV,107,510,Yes,No,0,234.1,91,39.8,163.1,105,13.86,282.5,100,12.71,10.0,3,2.7,1,False
UT,116,415,No,Yes,44,230.6,94,39.2,224.1,103,19.05,244.0,76,10.98,11.1,2,3.0,0,False
GA,189,408,No,No,0,227.4,84,38.66,176.0,81,14.96,206.1,120,9.27,6.3,4,1.7,2,False
NY,64,408,No,No,0,219.6,126,37.33,303.3,100,25.78,154.5,65,6.95,9.7,5,2.62,1,False
MT,114,510,No,No,0,189.8,101,32.27,147.7,80,12.55,172.7,121,7.77,10.6,5,2.86,1,False
NH,50,408,No,No,0,154.7,102,26.3,298.0,108,25.33,210.2,95,9.46,11.1,3,3.0,0,False
OH,65,510,No,No,0,153.9,117,26.16,220.1,122,18.71,280.5,147,12.62,8.5,3,2.3,2,False
MD,136,415,No,No,0,252.4,74,42.91,167.9,81,14.27,248.3,110,11.17,10.7,3,2.89,2,False
NE,93,408,No,No,0,152.4,74,25.91,274.6,88,23.34,252.2,120,11.35,6.6,5,1.78,3,False
MO,22,408,No,Yes,14,199.1,100,33.85,221.8,103,18.85,65.7,91,2.96,4.2,1,1.13,1,False
MA,51,415,No,No,0,183.1,99,31.13,160.1,107,13.61,311.8,121,14.03,7.0,3,1.89,1,False
CT,134,408,No,No,0,177.2,91,30.12,228.7,105,19.44,194.3,113,8.74,8.9,3,2.4,2,False
KY,108,415,No,Yes,35,169.8,136,28.87,173.7,101,14.76,214.6,105,9.66,9.5,7,2.57,2,False
NV,162,415,No,No,0,115.1,89,19.57,196.8,111,16.73,212.4,98,9.56,11.4,3,3.08,2,False
HI,117,408,No,No,0,102.3,100,17.39,135.2,104,11.49,199.7,93,8.99,15.7,10,4.24,3,False
MD,102,415,No,No,0,271.1,80,46.09,172.0,133,14.62,169.2,105,7.61,10.3,5,2.78,1,False
AZ,122,510,No,Yes,22,204.5,92,34.77,139.6,121,11.87,205.0,103,9.23,8.6,5,2.32,2,False
NE,112,415,No,No,0,167.6,100,28.49,154.5,90,13.13,281.4,107,12.66,17.3,3,4.67,2,False
VT,94,408,No,No,0,118.7,90,20.18,205.1,57,17.43,172.2,100,7.75,10.4,6,2.81,3,False
UT,91,415,No,Yes,34,175.3,96,29.8,262.3,122,22.3,143.9,76,6.48,5.6,11,1.51,1,False
WA,86,510,No,No,0,150.5,92,25.59,120.3,95,10.23,271.2,96,12.2,9.0,2,2.43,1,False
NJ,85,415,No,No,0,236.9,93,40.27,197.7,113,16.8,309.1,78,13.91,11.4,7,3.08,2,True
WV,54,510,No,Yes,33,112.0,90,19.04,208.0,112,17.68,150.3,83,6.76,11.3,4,3.05,2,False
OR,163,408,No,Yes,25,219.6,99,37.33,210.4,99,17.88,242.7,88,10.92,13.8,8,3.73,2,False
CT,74,408,No,No,0,157.1,95,26.71,213.1,36,18.11,280.4,77,12.62,7.6,3,2.05,2,False
NJ,153,510,No,No,0,122.5,145,20.83,273.3,103,23.23,197.8,71,8.9,8.0,3,2.16,2,False
WI,133,510,No,No,0,187.0,65,31.79,141.4,128,12.02,238.2,108,10.72,10.0,8,2.7,2,False
WI,84,510,No,Yes,12,89.7,87,15.25,138.6,73,11.78,165.8,114,7.46,10.7,2,2.89,1,False
VA,136,408,No,No,0,142.3,79,24.19,158.0,113,13.43,177.5,75,7.99,6.0,11,1.62,2,False
UT,111,510,No,No,0,191.3,80,32.52,138.5,94,11.77,246.0,107,11.07,6.4,3,1.73,2,False
AL,197,415,Yes,No,0,127.3,80,21.64,222.3,115,18.9,173.9,95,7.83,13.7,5,3.7,5,True
FL,106,415,No,Yes,31,197.4,125,33.56,123.4,110,10.49,115.6,101,5.2,12.3,4,3.32,3,False
VA,84,415,No,No,0,130.2,105,22.13,278.0,60,23.63,305.4,74,13.74,14.0,6,3.78,2,False
NV,76,510,Yes,No,0,241.0,120,40.97,231.8,96,19.7,220.2,67,9.91,9.9,1,2.67,1,True
WA,83,408,No,No,0,134.8,96,22.92,167.2,78,14.21,161.5,123,7.27,7.7,5,2.08,2,False
PA,69,415,No,No,0,143.6,88,24.41,141.8,86,12.05,194.0,83,8.73,10.8,5,2.92,3,False
PA,174,415,No,Yes,15,221.8,143,37.71,210.6,115,17.9,221.8,109,9.98,12.4,9,3.35,1,False
PA,79,415,No,No,0,268.3,114,45.61,185.5,111,15.77,264.6,88,11.91,6.3,7,1.7,1,True
VT,99,415,No,No,0,115.5,75,19.64,218.1,111,18.54,254.9,98,11.47,11.5,7,3.11,7,True
ID,114,415,No,No,0,202.1,100,34.36,195.7,102,16.63,291.8,120,13.13,13.3,5,3.59,2,False
PA,141,510,No,No,0,215.6,113,36.65,200.6,81,17.05,153.8,107,6.92,12.4,6,3.35,1,False
OR,140,415,No,No,0,120.3,108,20.45,240.4,84,20.43,216.4,74,9.74,7.7,3,2.08,4,True
SC,102,408,No,No,0,174.5,73,29.67,213.7,114,18.16,164.7,116,7.41,10.3,5,2.78,4,False
SC,100,510,No,No,0,115.9,87,19.7,111.3,56,9.46,170.2,77,7.66,7.1,4,1.92,1,False
MS,105,415,No,No,0,101.4,48,17.24,159.1,119,13.52,259.2,53,11.66,12.2,2,3.29,1,False
MS,111,415,No,Yes,36,96.8,123,16.46,170.6,105,14.5,166.0,85,7.47,13.4,4,3.62,2,False
HI,97,415,No,Yes,43,121.1,105,20.59,260.2,115,22.12,222.4,100,10.01,8.3,5,2.24,3,False
MN,68,510,No,No,0,226.7,94,38.54,168.4,129,14.31,188.7,117,8.49,10.2,1,2.75,0,False
VT,63,415,No,No,0,142.5,92,24.23,208.3,102,17.71,228.9,120,10.3,7.5,2,2.03,2,False
OH,134,408,No,No,0,202.7,105,34.46,224.9,90,19.12,253.9,108,11.43,12.1,7,3.27,0,False
OH,106,415,No,No,0,158.6,112,26.96,220.0,114,18.7,252.9,106,11.38,9.1,3,2.46,0,False
CO,59,510,No,No,0,153.6,92,26.11,205.5,88,17.47,114.5,89,5.15,12.5,10,3.38,1,False
OH,146,408,No,Yes,31,202.5,91,34.43,241.4,108,20.52,169.6,77,7.63,7.8,2,2.11,1,False
GA,160,415,No,Yes,29,164.6,121,27.98,262.8,108,22.34,123.8,131,5.57,15.2,4,4.1,1,False
NJ,147,415,No,Yes,36,254.2,78,43.21,228.1,105,19.39,98.0,125,4.41,13.8,7,3.73,5,False
NH,115,510,No,No,0,109.7,148,18.65,223.8,87,19.02,240.3,96,10.81,15.4,8,4.16,3,False
KY,72,415,No,No,0,198.4,147,33.73,216.9,121,18.44,112.8,125,5.08,13.1,4,3.54,0,False
AR,116,415,No,Yes,23,253.0,78,43.01,138.9,121,11.81,277.8,104,12.5,11.8,3,3.19,2,False
CT,50,408,No,No,0,301.7,82,51.29,167.1,118,14.2,72.2,89,3.25,10.5,6,2.84,1,False
NH,120,510,No,Yes,43,177.9,117,30.24,175.1,70,14.88,161.3,117,7.26,11.5,4,3.11,1,False
PA,119,408,No,No,0,287.1,115,48.81,159.3,99,13.54,216.8,86,9.76,13.9,1,3.75,2,True
IL,116,510,No,No,0,164.6,110,27.98,270.6,103,23.0,230.4,109,10.37,8.0,3,2.16,0,False
WA,63,408,No,No,0,211.7,107,35.99,271.7,77,23.09,203.3,108,9.15,7.4,7,2.0,0,False
NC,55,408,Yes,No,0,221.0,115,37.57,165.4,97,14.06,235.4,117,10.59,9.7,4,2.62,1,False
TX,92,510,No,No,0,139.8,98,23.77,174.9,143,14.87,201.6,135,9.07,9.4,7,2.54,2,False
CT,56,415,No,No,0,162.3,99,27.59,149.1,78,12.67,255.5,115,11.5,14.8,1,4.0,4,True
HI,132,408,Yes,Yes,33,200.3,75,34.05,226.6,67,19.26,198.8,91,8.95,12.9,3,3.48,2,False
ID,224,510,No,No,0,111.4,133,18.94,175.0,66,14.88,217.2,106,9.77,5.5,6,1.49,3,False
OK,105,510,Yes,Yes,28,156.1,89,26.54,107.1,114,9.1,167.7,95,7.55,14.7,3,3.97,0,True
IN,68,510,No,No,0,249.9,127,42.48,254.5,118,21.63,273.2,98,12.29,8.9,6,2.4,2,True
NM,68,408,No,No,0,131.6,89,22.37,137.0,109,11.65,256.3,107,11.53,10.2,5,2.75,3,False
VT,159,415,No,No,0,275.8,103,46.89,189.5,108,16.11,223.9,93,10.08,7.4,5,2.0,2,True
NY,61,415,No,No,0,197.7,118,33.61,152.2,96,12.94,221.0,93,9.95,7.0,3,1.89,2,False
NM,182,415,No,No,0,69.1,114,11.75,230.3,109,19.58,256.7,96,11.55,6.5,4,1.76,0,False
NH,103,408,No,No,0,150.6,125,25.6,169.1,126,14.37,221.2,104,9.95,10.4,8,2.81,8,True
DE,136,415,No,No,0,101.7,105,17.29,202.8,99,17.24,136.2,119,6.13,9.4,6,2.54,3,False
WI,123,415,No,No,0,172.2,92,29.27,162.6,76,13.82,250.3,101,11.26,8.7,4,2.35,1,False
WI,73,415,No,No,0,157.1,109,26.71,268.8,83,22.85,181.5,91,8.17,10.0,8,2.7,0,False
TX,52,415,No,No,0,155.0,110,26.35,133.4,104,11.34,176.1,84,7.92,7.0,4,1.89,4,True
WA,137,408,No,No,0,208.8,120,35.5,225.3,100,19.15,221.6,130,9.97,11.1,5,3.0,0,False
RI,116,510,No,No,0,137.4,126,23.36,120.0,94,10.2,130.3,64,5.86,12.4,2,3.35,3,False
NM,94,415,No,No,0,108.0,79,18.36,241.9,152,20.56,252.1,92,11.34,10.4,3,2.81,3,False
MS,158,510,No,No,0,175.9,105,29.9,188.3,88,16.01,188.3,98,8.47,11.0,6,2.97,1,False
KY,43,408,No,No,0,177.2,93,30.12,142.6,60,12.12,314.1,144,14.13,12.7,2,3.43,4,False
MT,101,408,No,Yes,16,118.9,112,20.21,228.3,97,19.41,180.1,111,8.1,8.2,5,2.21,2,False
WI,70,415,No,No,0,7.9,100,1.34,136.4,83,11.59,156.6,89,7.05,12.1,1,3.27,0,False
AK,59,408,No,No,0,159.5,96,27.12,167.2,123,14.21,138.6,106,6.24,10.2,4,2.75,0,False
AZ,59,408,No,No,0,150.2,70,25.53,185.7,98,15.78,212.5,128,9.56,12.1,2,3.27,1,False
OR,33,415,Yes,No,0,190.6,100,32.4,161.7,104,13.74,189.9,136,8.55,13.0,6,3.51,1,False
OK,86,415,No,Yes,33,253.1,112,43.03,210.1,94,17.86,95.0,98,4.27,11.9,4,3.21,3,False
SD,87,510,No,No,0,184.5,81,31.37,172.0,103,14.62,183.4,96,8.25,13.7,3,3.7,3,False
RI,80,510,No,No,0,202.4,118,34.41,260.2,67,22.12,177.4,112,7.98,9.2,5,2.48,3,False
SD,108,415,No,No,0,240.2,78,40.83,230.3,109,19.58,217.0,83,9.76,5.2,1,1.4,2,False
NY,104,415,No,Yes,26,189.1,112,32.15,178.2,97,15.15,199.3,104,8.97,11.1,4,3.0,1,False
OK,87,415,No,No,0,205.2,106,34.88,99.5,122,8.46,189.5,75,8.53,13.4,3,3.62,1,False
IN,119,510,No,No,0,154.5,129,26.27,193.6,87,16.46,180.9,145,8.14,13.4,3,3.62,2,False
GA,64,408,No,No,0,124.1,117,21.1,192.8,108,16.39,162.9,84,7.33,6.4,5,1.73,3,False
MI,127,510,No,Yes,25,203.8,118,34.65,267.1,48,22.7,225.1,105,10.13,7.3,5,1.97,0,False
SD,125,510,No,Yes,34,268.4,112,45.63,222.2,108,18.89,117.6,102,5.29,10.3,3,2.78,0,False
ME,140,415,No,No,0,159.1,104,27.05,269.8,106,22.93,220.4,116,9.92,10.3,4,2.78,1,False
NJ,113,415,No,No,0,186.0,55,31.62,237.4,105,20.18,148.1,83,6.66,12.2,6,3.29,1,False
IA,75,415,No,No,0,138.5,110,23.55,153.2,86,13.02,215.6,103,9.7,11.1,7,3.0,1,False
WA,106,408,No,No,0,193.6,66,32.91,238.2,82,20.25,176.4,107,7.94,12.9,3,3.48,0,False
NV,141,415,No,No,0,192.4,111,32.71,156.9,87,13.34,175.8,82,7.91,11.0,6,2.97,0,False
CO,65,510,No,No,0,158.8,53,27.0,188.5,132,16.02,189.3,87,8.52,9.8,4,2.65,2,False
MA,71,510,No,No,0,290.4,108,49.37,253.9,92,21.58,263.3,126,11.85,10.1,5,2.73,3,True
WI,111,415,No,No,0,246.5,108,41.91,216.3,89,18.39,179.6,99,8.08,12.7,3,3.43,2,False
NH,74,408,No,No,0,298.1,112,50.68,201.3,100,17.11,214.7,88,9.66,9.7,4,2.62,2,True
NY,40,408,No,No,0,242.5,82,41.23,232.9,97,19.8,154.0,86,6.93,9.6,7,2.59,0,False
MN,123,408,No,No,0,236.2,135,40.15,273.9,88,23.28,227.0,77,10.22,10.1,6,2.73,2,True
WY,111,415,No,No,0,222.2,96,37.77,162.5,111,13.81,184.9,120,8.32,11.9,7,3.21,4,False
TX,37,510,Yes,No,0,172.9,119,29.39,183.0,86,15.56,226.4,100,10.19,9.8,1,2.65,0,True
KS,43,415,No,No,0,27.0,117,4.59,160.9,97,13.68,279.5,96,12.58,10.7,3,2.89,3,False
VT,46,408,No,No,0,196.7,85,33.44,205.9,74,17.5,216.6,112,9.75,11.2,5,3.02,3,False
MT,73,408,No,Yes,26,131.2,98,22.3,106.5,97,9.05,221.7,96,9.98,10.2,6,2.75,2,False
NH,130,415,No,No,0,213.1,105,36.23,206.2,108,17.53,163.4,93,7.35,8.9,3,2.4,0,False
VA,92,510,Yes,No,0,252.3,120,42.89,207.0,112,17.6,284.6,95,12.81,12.0,5,3.24,3,True
SC,212,415,No,No,0,226.0,127,38.42,304.6,83,25.89,181.2,132,8.15,12.6,4,3.4,2,True
NC,72,415,No,No,0,137.6,106,23.39,143.5,94,12.2,273.7,110,12.32,9.6,6,2.59,2,False
NV,94,408,Yes,No,0,89.5,94,15.22,339.9,106,28.89,172.9,76,7.78,7.9,1,2.13,1,True
NC,115,510,Yes,No,0,251.3,69,42.72,252.5,96,21.46,118.3,112,5.32,9.9,1,2.67,3,True
ND,166,510,No,No,0,197.9,89,33.64,251.0,113,21.34,138.3,85,6.22,11.2,2,3.02,2,False
WY,80,510,No,No,0,101.1,121,17.19,263.2,110,22.37,137.7,74,6.2,7.3,5,1.97,0,False
AL,121,415,No,No,0,168.9,128,28.71,123.9,99,10.53,266.3,105,11.98,2.9,7,0.78,2,False
AR,138,510,No,No,0,146.5,101,24.91,284.5,142,24.18,176.0,98,7.92,14.0,6,3.78,3,False
UT,91,510,No,No,0,123.8,107,21.05,319.0,125,27.12,237.6,78,10.69,7.3,4,1.97,2,False
CA,137,415,No,Yes,22,189.6,42,32.23,179.0,137,15.22,179.6,126,8.08,11.4,5,3.08,2,False
MA,120,415,No,No,0,137.3,100,23.34,212.2,129,18.04,152.7,92,6.87,10.5,2,2.84,1,False
RI,117,408,No,Yes,13,207.6,65,35.29,152.7,77,12.98,232.8,95,10.48,9.7,3,2.62,1,False
NV,88,415,No,No,0,166.7,61,28.34,179.3,88,15.24,242.7,131,10.92,6.8,7,1.84,4,True
FL,113,510,No,No,0,92.6,85,15.74,177.6,92,15.1,159.8,72,7.19,14.4,4,3.89,3,False
OH,80,415,No,No,0,197.6,83,33.59,164.5,86,13.98,94.0,98,4.23,6.4,6,1.73,1,False
WY,94,408,No,No,0,207.0,109,35.19,167.4,80,14.23,238.2,117,10.72,2.6,6,0.7,1,False
UT,32,510,No,Yes,26,243.5,137,41.4,236.8,108,20.13,173.3,149,7.8,9.0,9,2.43,1,False
WV,74,510,No,No,0,124.0,102,21.08,262.1,101,22.28,268.2,98,12.07,11.7,2,3.16,2,False
CT,48,415,No,No,0,171.9,98,29.22,159.0,127,13.52,139.5,101,6.28,7.6,3,2.05,2,False
VT,157,510,No,No,0,168.6,71,28.66,205.1,48,17.43,175.8,88,7.91,5.9,2,1.59,3,False
AR,98,415,No,No,0,227.1,116,38.61,120.5,103,10.24,117.0,102,5.27,4.7,4,1.27,5,True
NM,118,415,No,Yes,42,148.7,105,25.28,167.3,105,14.22,270.6,105,12.18,10.4,7,2.81,0,False
NE,34,415,No,No,0,193.7,74,32.93,126.9,84,10.79,221.2,166,9.95,8.8,4,2.38,0,False
MN,100,415,No,Yes,27,221.7,100,37.69,236.1,70,20.07,192.7,91,8.67,8.0,4,2.16,0,False
OK,93,415,No,Yes,32,116.9,120,19.87,232.4,97,19.75,127.7,112,5.75,11.0,9,2.97,0,False
VA,43,408,No,Yes,35,200.2,105,34.03,244.4,88,20.77,207.2,97,9.32,11.6,4,3.13,3,False
AL,106,415,No,No,0,212.9,110,36.19,187.0,69,15.9,128.1,71,5.76,6.3,3,1.7,3,False
NY,82,415,No,No,0,167.1,77,28.41,131.8,79,11.2,187.4,98,8.43,9.4,1,2.54,6,True
NM,16,510,No,No,0,144.8,84,24.62,164.9,141,14.02,231.5,75,10.42,8.2,4,2.21,2,False
MN,124,510,Yes,No,0,157.8,71,26.83,203.2,114,17.27,168.7,82,7.59,10.0,2,2.7,3,True
NY,122,415,No,Yes,37,163.0,107,27.71,312.8,118,26.59,200.0,85,9.0,11.6,5,3.13,1,False
ID,101,510,No,Yes,17,193.9,71,32.96,189.8,81,16.13,196.3,97,8.83,12.6,7,3.4,0,False
MI,61,415,No,No,0,188.9,105,32.11,153.6,116,13.06,213.3,106,9.6,10.2,2,2.75,2,False
ND,118,408,No,No,0,224.6,94,38.18,225.9,120,19.2,269.0,105,12.11,12.5,8,3.38,2,False
FL,105,415,No,No,0,273.8,97,46.55,289.7,106,24.62,269.1,126,12.11,5.8,3,1.57,2,True
IN,68,415,No,No,0,222.1,107,37.76,199.4,102,16.95,162.4,107,7.31,9.4,3,2.54,2,False
MA,66,415,No,No,0,116.4,98,19.79,95.6,74,8.13,181.5,94,8.17,10.5,3,2.84,3,False
VT,116,415,No,No,0,129.4,84,22.0,157.3,89,13.37,215.5,77,9.7,13.3,3,3.59,0,False
AK,74,415,No,No,0,262.3,114,44.59,198.9,96,16.91,165.9,90,7.47,6.6,5,1.78,3,False
OR,51,510,No,No,0,51.8,107,8.81,230.2,104,19.57,227.5,118,10.24,10.4,4,2.81,2,False
OR,112,510,No,No,0,206.2,122,35.05,164.5,94,13.98,140.3,101,6.31,12.6,7,3.4,3,False
MT,130,408,No,Yes,19,152.9,87,25.99,213.2,99,18.12,205.3,114,9.24,10.8,6,2.92,2,False
IN,57,415,No,No,0,189.3,157,32.18,174.9,70,14.87,221.9,117,9.99,11.2,5,3.02,3,False
AZ,68,415,No,No,0,232.4,76,39.51,153.3,103,13.03,214.6,107,9.66,10.5,2,2.84,1,False
WI,165,408,No,No,0,156.0,88,26.52,276.1,81,23.47,175.9,94,7.92,9.3,5,2.51,1,False
DC,114,415,No,No,0,147.1,119,25.01,161.0,111,13.69,275.9,106,12.42,9.0,3,2.43,5,True
SC,1,408,No,No,0,123.8,113,21.05,236.2,77,20.08,73.2,81,3.29,3.7,2,1.0,0,False
ID,83,415,No,No,0,159.3,104,27.08,202.3,98,17.2,229.0,73,10.31,9.5,3,2.57,2,False
MD,120,415,No,Yes,40,128.1,99,21.78,247.7,78,21.05,199.7,121,8.99,15.6,3,4.21,0,False
SD,183,415,No,Yes,31,171.2,104,29.1,193.6,74,16.46,196.5,85,8.84,10.2,4,2.75,1,False
NM,118,510,No,No,0,205.2,115,34.88,184.8,137,15.71,176.1,115,7.92,7.0,6,1.89,0,False
DC,45,415,No,No,0,96.1,103,16.34,246.8,134,20.98,229.7,92,10.34,9.7,4,2.62,1,False
IN,88,415,No,No,0,183.5,93,31.2,170.5,80,14.49,193.8,88,8.72,8.3,5,2.24,3,False
WA,48,510,No,No,0,149.2,146,25.36,161.9,109,13.76,197.9,109,8.91,8.3,2,2.24,3,False
MN,79,408,No,Yes,32,50.6,62,8.6,201.4,87,17.12,146.8,121,6.61,4.2,4,1.13,2,False
CA,120,415,No,No,0,252.1,110,42.86,226.1,103,19.22,155.6,83,7.0,13.8,3,3.73,1,False
VT,138,415,No,No,0,230.1,107,39.12,212.0,120,18.02,174.9,119,7.87,13.2,4,3.56,1,False
NY,86,510,No,No,0,70.7,125,12.02,211.0,113,17.94,174.6,107,7.86,0.0,0,0.0,2,False
VA,44,408,No,No,0,204.6,117,34.78,205.2,94,17.44,164.6,84,7.41,10.7,5,2.89,0,False
TN,106,415,No,No,0,119.2,142,20.26,228.4,139,19.41,197.9,61,8.91,8.4,9,2.27,2,False
NJ,88,510,No,No,0,144.3,116,24.53,156.4,74,13.29,214.7,90,9.66,7.8,10,2.11,3,False
AR,109,510,No,No,0,153.1,102,26.03,234.1,77,19.9,329.2,74,14.81,9.9,9,2.67,3,False
NC,122,415,No,No,0,215.6,86,36.65,167.8,59,14.26,207.0,67,9.32,6.4,8,1.73,3,False
WA,120,408,No,Yes,28,215.8,123,36.69,285.2,76,24.24,192.1,78,8.64,6.9,3,1.86,1,False
MT,16,510,No,No,0,153.2,65,26.04,229.7,90,19.52,148.2,94,6.67,10.7,8,2.89,1,False
MS,102,510,Yes,No,0,224.2,81,38.11,243.3,90,20.68,147.8,66,6.65,12.0,8,3.24,3,False
WV,124,415,No,No,0,312.0,112,53.04,180.0,109,15.3,168.6,94,7.59,12.8,4,3.46,1,True
GA,194,510,No,No,0,193.3,106,32.86,169.0,150,14.37,225.2,122,10.13,11.8,4,3.19,0,False
OK,63,415,No,No,0,128.7,78,21.88,240.8,133,20.47,237.7,121,10.7,12.8,6,3.46,1,False
GA,64,510,No,No,0,216.9,78,36.87,211.0,115,17.94,179.8,116,8.09,11.4,5,3.08,3,False
MI,53,510,No,Yes,37,167.3,99,28.44,194.7,99,16.55,236.7,112,10.65,12.0,9,3.24,2,False
OH,115,510,Yes,No,0,345.3,81,58.7,203.4,106,17.29,217.5,107,9.79,11.8,8,3.19,1,True
DE,97,510,No,No,0,225.1,90,38.27,279.5,127,23.76,233.8,103,10.52,8.8,4,2.38,0,True
MS,78,415,No,Yes,13,281.2,93,47.8,178.2,101,15.15,244.2,129,10.99,6.4,5,1.73,2,False
MD,106,415,No,No,0,208.3,89,35.41,169.4,67,14.4,102.0,90,4.59,15.9,4,4.29,3,False
UT,116,415,No,Yes,24,232.9,90,39.59,152.1,94,12.93,344.3,82,15.49,10.7,6,2.89,1,False
ID,135,510,No,No,0,154.4,130,26.25,203.8,90,17.32,158.7,59,7.14,11.8,3,3.19,0,False
KY,73,510,No,No,0,234.7,102,39.9,195.7,110,16.63,253.4,71,11.4,8.4,8,2.27,2,False
ND,147,408,Yes,Yes,35,157.5,109,26.78,189.6,67,16.12,227.0,76,10.22,11.1,2,3.0,3,True
MI,105,415,No,No,0,226.9,106,38.57,182.2,77,15.49,203.9,107,9.18,11.6,2,3.13,0,True
MN,163,408,No,Yes,22,215.1,91,36.57,138.9,102,11.81,146.2,109,6.58,12.4,2,3.35,2,False
DC,68,415,Yes,Yes,39,142.0,140,24.14,241.6,89,20.54,302.0,72,13.59,11.3,5,3.05,1,False
SC,116,408,No,No,0,288.0,120,48.96,255.8,90,21.74,233.4,99,10.5,13.4,4,3.62,0,True
WY,104,415,No,No,0,138.7,100,23.58,215.4,58,18.31,164.3,98,7.39,4.9,4,1.32,2,False
NJ,88,415,No,No,0,301.5,136,51.26,257.7,72,21.9,132.9,118,5.98,13.4,2,3.62,4,True
VA,50,415,Yes,No,0,99.6,108,16.93,308.7,102,26.24,161.2,62,7.25,13.7,6,3.7,2,True
ND,180,415,No,No,0,224.9,105,38.23,250.0,101,21.25,216.1,73,9.72,6.7,5,1.81,3,True
IA,44,415,No,No,0,308.6,139,52.46,150.8,94,12.82,198.7,66,8.94,7.3,3,1.97,4,True
OK,160,408,No,No,0,166.4,117,28.29,317.0,129,26.95,160.4,121,7.22,10.0,2,2.7,1,False
WV,125,415,No,No,0,206.0,128,35.02,198.1,71,16.84,135.9,116,6.12,13.2,3,3.56,0,False
MI,158,415,No,No,0,195.9,103,33.3,89.1,95,7.57,302.2,82,13.6,10.3,3,2.78,1,False
ND,50,415,No,No,0,295.3,127,50.2,127.4,100,10.83,166.8,105,7.51,9.6,6,2.59,1,False
PA,92,415,Yes,No,0,255.8,125,43.49,142.7,111,12.13,181.2,101,8.15,11.7,3,3.16,0,False
MI,86,408,No,No,0,148.2,71,25.19,285.1,91,24.23,166.4,155,7.49,6.2,3,1.67,2,False
WY,122,415,No,No,0,119.3,93,20.28,223.9,103,19.03,211.9,122,9.54,8.7,4,2.35,2,False
TX,90,415,Yes,Yes,26,169.0,104,28.73,188.8,104,16.05,213.3,76,9.6,13.3,3,3.59,0,True
OK,127,510,No,Yes,27,2.6,113,0.44,254.0,102,21.59,242.7,156,10.92,9.2,5,2.48,3,False
WV,145,408,No,Yes,31,216.0,94,36.72,225.1,123,19.13,234.7,109,10.56,10.7,1,2.89,2,False
CO,107,415,No,No,0,204.5,108,34.77,162.4,110,13.8,155.0,102,6.98,13.4,1,3.62,3,False
NV,121,408,No,Yes,44,116.0,85,19.72,150.1,120,12.76,246.8,98,11.11,12.0,2,3.24,1,False
WY,120,415,No,Yes,24,227.5,81,38.68,234.9,71,19.97,166.4,128,7.49,9.0,13,2.43,1,False
IN,108,415,No,No,0,201.1,101,34.19,170.7,86,14.51,237.4,113,10.68,11.6,3,3.13,3,False
IA,79,415,No,Yes,17,167.9,114,28.54,243.7,93,20.71,211.9,114,9.54,9.1,2,2.46,1,False
MN,134,415,No,No,0,244.1,99,41.5,246.9,111,20.99,200.0,133,9.0,7.2,2,1.94,0,False
NC,129,415,No,No,0,54.7,131,9.3,256.1,105,21.77,176.6,135,7.95,11.1,4,3.0,1,False
NC,169,408,No,No,0,142.5,82,24.23,231.4,110,19.67,131.2,67,5.9,10.0,4,2.7,2,False
MN,30,408,No,No,0,54.0,68,9.18,179.3,96,15.24,247.2,101,11.12,10.2,8,2.75,1,False
ME,52,510,No,No,0,129.3,80,21.98,142.7,101,12.13,258.3,89,11.62,12.3,4,3.32,3,False
RI,120,415,No,Yes,23,221.9,114,37.72,254.7,84,21.65,250.5,117,11.27,7.2,5,1.94,2,False
WI,90,408,No,No,0,61.3,91,10.42,194.4,94,16.52,143.1,80,6.44,11.4,9,3.08,1,False
WY,159,415,No,No,0,167.4,68,28.46,143.8,74,12.22,140.1,111,6.3,10.3,3,2.78,0,True
MI,87,415,No,No,0,198.3,80,33.71,187.0,89,15.9,133.5,96,6.01,16.6,4,4.48,2,False
WV,139,415,No,No,0,271.6,130,46.17,156.0,131,13.26,136.3,108,6.13,11.6,9,3.13,2,False
DE,112,408,No,No,0,101.1,119,17.19,214.4,67,18.22,179.5,112,8.08,10.3,5,2.78,2,False
NJ,108,415,No,Yes,41,171.6,110,29.17,136.1,78,11.57,183.4,103,8.25,10.8,7,2.92,0,False
AL,19,415,Yes,No,0,237.7,98,40.41,207.1,121,17.6,182.2,95,8.2,4.5,4,1.22,0,False
NH,95,510,No,No,0,142.5,109,24.23,176.1,107,14.97,189.6,88,8.53,8.2,3,2.21,2,False
NH,101,510,No,No,0,220.3,124,37.45,188.6,101,16.03,278.4,98,12.53,10.6,4,2.86,1,False
MA,123,415,No,No,0,209.4,49,35.6,237.4,117,20.18,239.2,98,10.76,9.8,11,2.65,1,False
UT,170,415,No,No,0,285.7,44,48.57,167.5,144,14.24,260.0,97,11.7,8.7,4,2.35,1,True
CT,93,415,No,No,0,271.1,101,46.09,237.4,133,20.18,145.4,103,6.54,8.4,6,2.27,1,True
MA,150,408,No,Yes,27,209.8,112,35.67,155.0,80,13.18,251.5,111,11.32,7.2,6,1.94,0,False
CT,37,408,No,No,0,134.9,98,22.93,248.4,130,21.11,236.2,113,10.63,14.7,2,3.97,3,False
MS,78,408,No,No,0,108.6,108,18.46,209.9,126,17.84,222.6,117,10.02,7.9,5,2.13,1,True
AK,61,415,No,Yes,15,252.4,106,42.91,187.8,69,15.96,259.6,137,11.68,10.0,3,2.7,2,False
NV,148,415,No,No,0,279.3,104,47.48,201.6,87,17.14,280.8,99,12.64,7.9,2,2.13,2,True
CA,185,408,No,No,0,139.6,92,23.73,250.2,115,21.27,158.1,79,7.11,10.8,4,2.92,1,False
UT,95,415,No,No,0,157.9,103,26.84,259.6,90,22.07,230.0,117,10.35,14.0,2,3.78,0,False
TX,53,415,No,No,0,119.7,113,20.35,189.7,84,16.12,256.2,108,11.53,12.9,7,3.48,2,False
NY,125,415,No,No,0,233.3,65,39.66,209.8,93,17.83,210.6,109,9.48,9.1,4,2.46,1,False
TX,1,415,No,No,0,182.1,106,30.96,134.9,106,11.47,152.3,75,6.85,10.0,3,2.7,5,True
CT,160,415,No,No,0,234.9,136,39.93,270.8,134,23.02,219.3,101,9.87,13.9,2,3.75,1,True
ND,90,415,No,Yes,22,124.5,94,21.17,231.7,90,19.69,222.2,108,10.0,6.4,12,1.73,1,False
AR,122,415,Yes,No,0,146.3,117,24.87,218.7,93,18.59,236.0,97,10.62,11.5,5,3.11,1,False
UT,83,510,No,No,0,208.9,71,35.51,214.8,92,18.26,247.9,108,11.16,13.0,5,3.51,1,False
IN,7,415,No,No,0,206.7,87,35.14,281.1,83,23.89,158.5,77,7.13,11.0,5,2.97,3,False
NY,131,408,Yes,No,0,122.3,83,20.79,118.8,94,10.1,147.9,95,6.66,13.7,3,3.7,3,True
OR,161,408,No,No,0,196.6,73,33.42,170.2,79,14.47,194.3,79,8.74,12.5,3,3.38,1,False
WA,177,415,No,No,0,266.1,91,45.24,225.2,79,19.14,224.7,58,10.11,8.9,8,2.4,3,True
WV,131,415,No,No,0,196.1,89,33.34,185.5,87,15.77,250.0,132,11.25,5.2,6,1.4,2,False
MN,57,415,No,No,0,272.7,74,46.36,224.9,85,19.12,178.2,104,8.02,10.5,3,2.84,2,True
MS,103,415,No,No,0,129.3,103,21.98,202.8,89,17.24,233.0,126,10.49,12.9,2,3.48,2,False
NV,116,510,No,Yes,35,118.0,103,20.06,167.2,106,14.21,205.7,102,9.26,11.8,2,3.19,2,False
DE,114,415,No,Yes,31,222.8,98,37.88,180.5,105,15.34,151.3,101,6.81,13.0,4,3.51,0,False
CT,63,408,No,Yes,25,190.0,137,32.3,116.6,76,9.91,141.5,110,6.37,12.2,2,3.29,1,False
SC,78,415,No,Yes,21,160.6,85,27.3,223.1,79,18.96,124.0,92,5.58,9.5,1,2.57,2,False
TX,51,415,No,No,0,180.5,88,30.69,134.7,102,11.45,170.7,97,7.68,10.0,3,2.7,2,False
NY,54,510,Yes,No,0,236.3,91,40.17,152.8,130,12.99,160.3,98,7.21,11.2,8,3.02,3,False
WV,70,510,No,Yes,30,143.4,72,24.38,170.0,92,14.45,127.9,68,5.76,9.4,4,2.54,3,False
MS,68,415,No,No,0,94.1,93,16.0,147.6,80,12.55,213.5,85,9.61,10.1,2,2.73,0,False
AL,181,415,No,Yes,27,190.3,93,32.35,249.0,127,21.17,215.7,82,9.71,10.6,4,2.86,1,False
AZ,107,415,No,Yes,32,134.2,101,22.81,211.9,145,18.01,167.6,138,7.54,8.2,5,2.21,1,False
DE,115,415,No,No,0,195.9,111,33.3,227.0,108,19.3,313.2,113,14.09,13.2,1,3.56,2,False
NY,31,408,No,Yes,28,171.8,116,29.21,240.7,125,20.46,245.5,80,11.05,10.6,7,2.86,1,False
HI,108,415,No,No,0,291.6,99,49.57,221.1,93,18.79,229.2,110,10.31,14.0,9,3.78,2,True
NC,161,415,No,No,0,322.3,100,54.79,230.4,135,19.58,241.5,104,10.87,7.8,5,2.11,2,True
CT,147,415,No,No,0,124.4,74,21.15,320.9,78,27.28,157.2,126,7.07,10.4,4,2.81,2,False
MO,107,415,No,No,0,146.9,94,24.97,114.3,111,9.72,114.5,97,5.15,11.4,5,3.08,3,False
SC,104,415,No,No,0,109.1,141,18.55,187.1,140,15.9,216.6,100,9.75,10.0,4,2.7,3,False
TX,201,415,No,No,0,225.9,110,38.4,299.1,86,25.42,251.3,81,11.31,11.2,4,3.02,1,True
NH,100,408,No,No,0,218.8,125,37.2,148.3,102,12.61,277.8,97,12.5,9.7,6,2.62,1,False
OR,133,415,No,No,0,143.8,71,24.45,184.0,131,15.64,275.5,132,12.4,12.9,4,3.48,3,False
SC,36,408,No,Yes,43,29.9,123,5.08,129.1,117,10.97,325.9,105,14.67,8.6,6,2.32,2,False
UT,110,408,No,No,0,192.6,102,32.74,178.9,118,15.21,214.6,74,9.66,9.4,4,2.54,1,False
WV,109,415,No,No,0,180.0,100,30.6,229.0,103,19.47,139.4,105,6.27,7.8,8,2.11,3,False
DE,53,415,No,Yes,32,131.2,63,22.3,227.4,125,19.33,178.9,105,8.05,12.8,2,3.46,2,False
OH,68,415,Yes,Yes,24,125.7,92,21.37,275.9,98,23.45,214.5,108,9.65,14.2,6,3.83,3,True
WV,144,510,No,Yes,38,105.0,86,17.85,121.8,123,10.35,221.5,122,9.97,3.7,4,1.0,0,False
KS,164,510,No,Yes,30,238.8,100,40.6,230.0,121,19.55,206.3,66,9.28,13.2,8,3.56,1,False
WI,184,408,No,Yes,12,200.3,76,34.05,253.6,105,21.56,149.3,93,6.72,10.2,5,2.75,0,False
SD,87,415,No,Yes,33,125.0,99,21.25,235.3,81,20.0,215.3,95,9.69,10.2,7,2.75,2,False
MA,58,415,No,Yes,30,178.1,111,30.28,236.7,109,20.12,264.0,118,11.88,8.4,2,2.27,0,False
IL,57,415,No,Yes,30,179.2,105,30.46,283.2,83,24.07,228.1,77,10.26,14.7,5,3.97,1,False
OR,61,415,No,No,0,234.2,76,39.81,216.7,108,18.42,130.6,122,5.88,13.9,2,3.75,1,False
DC,130,510,No,No,0,132.4,81,22.51,200.3,110,17.03,202.5,103,9.11,6.0,1,1.62,2,False
ID,82,415,No,No,0,266.9,83,45.37,229.7,74,19.52,251.7,99,11.33,11.0,6,2.97,3,True
DC,99,415,No,Yes,31,244.1,71,41.5,203.4,58,17.29,234.0,115,10.53,7.7,4,2.08,3,False
MO,116,408,No,No,0,51.1,106,8.69,208.6,137,17.73,198.0,92,8.91,12.3,3,3.32,1,False
CT,74,510,No,No,0,203.8,77,34.65,205.1,111,17.43,154.9,109,6.97,9.0,2,2.43,1,False
MD,83,510,No,No,0,78.1,70,13.28,239.3,115,20.34,144.4,112,6.5,12.3,4,3.32,1,False
SC,111,415,No,Yes,21,127.1,94,21.61,228.3,116,19.41,166.7,108,7.5,7.1,3,1.92,1,False
IN,58,415,No,Yes,22,224.1,127,38.1,238.8,85,20.3,174.2,86,7.84,11.5,7,3.11,2,False
ME,149,415,No,Yes,18,148.5,106,25.25,114.5,106,9.73,178.3,98,8.02,6.5,4,1.76,0,False
OK,52,415,No,No,0,124.9,131,21.23,300.5,118,25.54,192.5,106,8.66,11.6,4,3.13,2,False
WV,68,415,No,No,0,231.1,57,39.29,153.4,55,13.04,191.3,123,8.61,9.6,4,2.59,3,False
TN,74,415,No,Yes,25,234.4,113,39.85,265.9,82,22.6,241.4,77,10.86,13.7,4,3.7,0,False
MN,74,510,No,Yes,33,193.7,91,32.93,246.1,96,20.92,138.0,92,6.21,14.6,3,3.94,2,False
VT,128,510,No,Yes,29,179.3,104,30.48,225.9,86,19.2,323.0,78,14.54,8.6,7,2.32,0,False
MA,108,415,No,No,0,178.3,137,30.31,189.0,76,16.07,129.1,102,5.81,14.6,5,3.94,0,False
KY,95,408,No,No,0,135.0,99,22.95,183.6,106,15.61,245.3,102,11.04,12.5,9,3.38,1,False
ID,97,408,No,No,0,239.8,125,40.77,214.8,111,18.26,143.3,81,6.45,8.7,5,2.35,2,False
MI,127,415,No,No,0,202.1,103,34.36,229.4,86,19.5,195.2,113,8.78,11.5,3,3.11,2,False
AZ,94,408,No,No,0,181.8,85,30.91,202.4,98,17.2,245.9,97,11.07,9.2,2,2.48,4,False
SC,78,510,No,No,0,168.3,110,28.61,221.2,73,18.8,241.0,136,10.85,12.5,1,3.38,1,False
OK,89,510,No,No,0,303.9,95,51.66,260.9,114,22.18,312.1,89,14.04,5.3,3,1.43,1,True
CT,96,415,No,Yes,37,172.7,93,29.36,120.1,116,10.21,216.1,86,9.72,10.3,5,2.78,5,True
RI,121,408,No,No,0,170.4,108,28.97,350.5,68,29.79,297.0,87,13.37,11.2,3,3.02,0,True
OR,77,510,No,No,0,233.8,104,39.75,266.5,94,22.65,212.7,104,9.57,7.6,3,2.05,2,False
CA,124,408,Yes,No,0,244.6,89,41.58,188.8,80,16.05,206.0,114,9.27,11.3,4,3.05,1,False
SD,91,510,No,No,0,149.0,115,25.33,245.3,105,20.85,260.0,94,11.7,8.3,3,2.24,0,False
AZ,60,415,No,No,0,98.2,88,16.69,180.5,69,15.34,223.6,69,10.06,9.3,2,2.51,2,False
OH,144,415,No,Yes,18,106.4,109,18.09,108.1,113,9.19,208.4,111,9.38,10.1,5,2.73,1,False
OK,52,408,No,No,0,214.7,68,36.5,158.6,138,13.48,123.4,114,5.55,9.4,4,2.54,2,False
WI,69,510,Yes,No,0,279.8,90,47.57,248.7,91,21.14,171.0,118,7.69,8.4,10,2.27,2,True
VT,95,510,Yes,Yes,41,136.8,91,23.26,200.8,61,17.07,133.7,67,6.02,10.3,9,2.78,5,True
PA,91,510,No,No,0,231.8,120,39.41,150.6,106,12.8,269.2,129,12.11,11.6,7,3.13,3,False
WV,32,408,No,Yes,26,266.7,109,45.34,232.3,107,19.75,212.8,98,9.58,16.3,4,4.4,1,False
LA,43,415,No,No,0,241.9,101,41.12,129.4,121,11.0,264.8,104,11.92,5.9,3,1.59,1,False
WV,107,415,No,No,0,123.1,100,20.93,158.4,82,13.46,256.1,82,11.52,9.3,5,2.51,0,False
ND,123,408,No,No,0,159.1,94,27.05,241.6,119,20.54,202.4,120,9.11,6.5,1,1.76,1,False
LA,108,510,No,Yes,30,276.6,99,47.02,220.1,113,18.71,177.9,95,8.01,9.8,6,2.65,2,False
MT,106,510,No,No,0,169.4,107,28.8,197.2,71,16.76,202.2,79,9.1,10.7,4,2.89,1,False
MO,107,415,No,Yes,22,281.1,83,47.79,143.7,130,12.21,239.4,128,10.77,11.2,9,3.02,1,False
NE,123,510,No,No,0,194.0,118,32.98,242.0,114,20.57,146.3,108,6.58,12.1,4,3.27,1,False
SC,87,408,No,No,0,322.5,106,54.83,204.6,93,17.39,186.2,128,8.38,9.4,4,2.54,2,True
IN,100,510,No,No,0,216.2,107,36.75,215.6,84,18.33,138.4,127,6.23,10.2,3,2.75,0,False
MA,136,408,Yes,No,0,199.6,89,33.93,211.4,96,17.97,72.4,84,3.26,11.0,4,2.97,3,True
DC,76,415,No,No,0,224.4,121,38.15,147.9,97,12.57,183.8,74,8.27,6.7,2,1.81,2,False
VT,101,415,No,No,0,153.8,89,26.15,234.0,89,19.89,196.3,77,8.83,11.6,2,3.13,4,False
NJ,48,510,No,Yes,22,152.0,63,25.84,258.8,131,22.0,263.2,109,11.84,15.7,5,4.24,2,True
TX,50,510,No,No,0,188.9,94,32.11,203.9,104,17.33,151.8,124,6.83,11.6,8,3.13,3,False
TX,217,408,No,No,0,176.4,115,29.99,158.8,128,13.5,306.6,107,13.8,9.3,3,2.51,4,False
SD,88,415,No,No,0,215.6,115,36.65,216.2,85,18.38,171.3,65,7.71,11.8,1,3.19,3,False
AK,115,415,No,No,0,245.2,105,41.68,159.0,109,13.52,229.9,74,10.35,7.2,8,1.94,0,False
ID,118,415,No,No,0,140.4,112,23.87,187.1,60,15.9,207.9,155,9.36,7.9,1,2.13,0,False
MO,55,510,No,No,0,189.0,100,32.13,118.5,99,10.07,248.1,87,11.16,17.1,6,4.62,0,False
IL,130,415,No,No,0,155.9,95,26.5,256.1,97,21.77,262.9,103,11.83,11.7,3,3.16,3,False
KS,128,415,No,No,0,103.3,122,17.56,245.9,123,20.9,161.1,95,7.25,6.4,7,1.73,0,False
WA,29,415,No,No,0,157.4,122,26.76,145.0,75,12.33,281.8,92,12.68,9.3,2,2.51,1,False
IA,92,510,No,Yes,25,134.0,112,22.78,206.0,111,17.51,180.6,118,8.13,9.7,4,2.62,0,False
CT,144,510,Yes,Yes,35,174.8,127,29.72,219.6,93,18.67,255.8,90,11.51,12.8,3,3.46,0,False
LA,95,415,No,No,0,141.1,84,23.99,211.4,108,17.97,103.7,127,4.67,5.9,6,1.59,3,False
TX,64,415,No,No,0,168.0,116,28.56,192.4,94,16.35,166.5,98,7.49,10.1,3,2.73,2,False
NH,90,415,No,No,0,76.1,121,12.94,290.3,73,24.68,236.9,89,10.66,10.8,3,2.92,0,False
AZ,157,415,No,No,0,220.7,105,37.52,119.3,127,10.14,165.1,113,7.43,11.5,7,3.11,4,False
LA,89,415,No,No,0,141.1,92,23.99,249.1,126,21.17,136.0,73,6.12,10.8,2,2.92,2,False
MA,111,415,No,No,0,284.4,89,48.35,157.0,113,13.35,242.8,91,10.93,8.4,8,2.27,0,True
NM,55,510,No,No,0,119.7,148,20.35,231.8,96,19.7,222.3,113,10.0,4.6,2,1.24,2,False
TN,63,415,No,No,0,164.5,75,27.97,147.9,118,12.57,252.7,97,11.37,11.2,2,3.02,0,False
MI,79,510,No,No,0,220.9,107,37.55,192.2,97,16.34,161.0,74,7.25,12.2,2,3.29,1,False
NH,121,510,No,Yes,35,193.8,62,32.95,197.6,97,16.8,218.8,95,9.85,5.9,4,1.59,0,False
SC,64,510,No,Yes,40,210.0,116,35.7,232.7,89,19.78,168.8,94,7.6,5.9,4,1.59,8,False
MD,163,408,No,No,0,223.0,120,37.91,227.0,98,19.3,188.3,125,8.47,8.8,5,2.38,1,False
MA,80,408,No,No,0,148.6,106,25.26,210.8,65,17.92,203.7,86,9.17,10.0,2,2.7,2,False
VT,137,510,No,No,0,97.5,95,16.58,195.8,82,16.64,288.8,78,13.0,0.0,0,0.0,1,False
NJ,83,415,No,No,0,178.8,102,30.4,167.9,84,14.27,178.9,65,8.05,8.6,4,2.32,3,False
CT,95,415,No,Yes,36,283.1,112,48.13,286.2,86,24.33,261.7,129,11.78,11.3,3,3.05,3,False
WY,16,415,No,No,0,174.7,83,29.7,280.8,122,23.87,171.7,80,7.73,10.5,8,2.84,5,False
AK,96,408,No,Yes,29,150.0,91,25.5,159.4,75,13.55,228.1,55,10.26,8.5,3,2.3,1,False
CT,163,408,No,Yes,40,231.9,56,39.42,211.8,91,18.0,268.5,74,12.08,12.3,3,3.32,2,False
MA,34,415,No,No,0,293.7,89,49.93,272.5,71,23.16,178.2,76,8.02,11.0,10,2.97,2,True
MN,99,408,No,No,0,128.8,86,21.9,203.9,105,17.33,282.6,131,12.72,14.1,4,3.81,2,False
NJ,125,415,No,No,0,182.3,64,30.99,139.8,121,11.88,171.6,96,7.72,11.6,7,3.13,2,False
WY,62,415,No,No,0,172.4,132,29.31,230.5,100,19.59,228.2,109,10.27,11.0,5,2.97,0,False
LA,112,510,No,No,0,174.5,127,29.67,259.3,71,22.04,170.5,120,7.67,11.3,7,3.05,1,False
OH,127,408,No,No,0,139.6,94,23.73,240.9,112,20.48,127.1,88,5.72,8.8,4,2.38,2,False
KS,138,510,No,Yes,26,183.9,83,31.26,240.7,93,20.46,185.7,125,8.36,15.0,3,4.05,1,False
DC,141,415,No,Yes,37,185.4,87,31.52,178.5,128,15.17,218.3,107,9.82,8.0,3,2.16,4,False
WA,97,408,No,No,0,276.1,82,46.94,201.1,106,17.09,231.3,73,10.41,8.9,4,2.4,0,True
WI,107,510,No,Yes,25,248.6,91,42.26,119.3,115,10.14,194.3,83,8.74,12.0,1,3.24,1,False
KY,131,415,No,No,0,166.5,129,28.31,210.2,107,17.87,257.2,93,11.57,9.9,5,2.67,1,False
CT,124,415,No,No,0,131.8,82,22.41,284.3,119,24.17,305.5,101,13.75,11.3,2,3.05,1,False
ME,66,510,No,No,0,118.0,133,20.06,248.1,99,21.09,214.4,122,9.65,5.3,5,1.43,1,False
TX,123,408,No,No,0,260.9,85,44.35,168.5,103,14.32,178.3,91,8.02,13.3,5,3.59,3,False
NM,105,415,No,No,0,193.7,108,32.93,183.2,124,15.57,293.7,72,13.22,10.8,5,2.92,1,False
RI,63,415,Yes,No,0,62.9,112,10.69,202.9,111,17.25,259.0,58,11.66,8.9,8,2.4,1,False
FL,103,415,No,No,0,158.7,90,26.98,198.4,117,16.86,181.1,76,8.15,10.5,4,2.84,1,False
AL,149,415,No,Yes,20,264.4,102,44.95,219.6,123,18.67,200.4,89,9.02,11.3,3,3.05,2,False
NY,122,510,No,No,0,145.6,102,24.75,284.7,111,24.2,228.2,91,10.27,12.2,5,3.29,0,False
CO,132,415,No,No,0,197.8,66,33.63,133.9,119,11.38,177.3,94,7.98,10.9,3,2.94,4,True
ID,92,415,No,No,0,197.2,113,33.52,242.3,116,20.6,192.0,76,8.64,11.0,5,2.97,2,False
AL,148,415,No,Yes,21,262.9,135,44.69,149.5,96,12.71,140.5,109,6.32,8.1,4,2.19,1,False
LA,53,415,No,No,0,145.1,116,24.67,233.7,82,19.86,208.7,95,9.39,7.9,5,2.13,2,False
OR,138,415,Yes,Yes,28,211.2,117,35.9,312.5,98,26.56,178.0,118,8.01,10.7,2,2.89,3,True
KY,58,415,No,No,0,247.2,116,42.02,303.7,103,25.81,105.4,94,4.74,9.3,2,2.51,2,True
MT,101,415,No,No,0,154.4,130,26.25,217.2,101,18.46,185.4,52,8.34,13.9,4,3.75,1,False
ND,122,408,No,No,0,231.2,141,39.3,267.8,136,22.76,240.3,100,10.81,8.8,5,2.38,1,True
TN,196,415,No,No,0,133.1,80,22.63,206.5,120,17.55,221.6,96,9.97,10.3,8,2.78,1,False
IN,81,408,No,Yes,46,168.3,124,28.61,270.9,103,23.03,222.5,98,10.01,6.7,2,1.81,4,False
OR,165,415,No,Yes,33,111.6,140,18.97,213.3,111,18.13,267.6,115,12.04,16.0,3,4.32,0,False
TN,37,415,No,No,0,221.0,126,37.57,204.5,110,17.38,118.0,98,5.31,6.8,3,1.84,4,False
MT,109,510,No,No,0,154.8,82,26.32,287.7,109,24.45,208.4,80,9.38,5.9,9,1.59,3,False
UT,138,510,No,No,0,205.9,96,35.0,257.1,94,21.85,209.0,63,9.4,12.1,8,3.27,0,False
MN,125,415,No,No,0,240.7,82,40.92,269.4,85,22.9,187.1,74,8.42,10.1,3,2.73,0,True
MD,189,415,No,Yes,30,155.2,116,26.38,195.5,50,16.62,170.1,108,7.65,15.4,6,4.16,1,False
OK,84,510,No,No,0,203.4,125,34.58,182.9,88,15.55,213.7,121,9.62,13.8,2,3.73,1,False
NJ,182,415,No,No,0,279.1,124,47.45,180.5,108,15.34,217.5,104,9.79,9.5,11,2.57,2,True
IN,130,408,No,No,0,115.6,129,19.65,167.8,104,14.26,141.8,124,6.38,12.6,9,3.4,1,False
NM,178,415,No,Yes,35,175.4,88,29.82,190.0,65,16.15,138.7,94,6.24,10.5,3,2.84,2,False
SC,112,415,No,No,0,266.0,97,45.22,214.6,94,18.24,306.2,100,13.78,14.2,2,3.83,2,True
WV,104,415,No,No,0,225.9,123,38.4,162.8,106,13.84,272.1,85,12.24,10.1,4,2.73,1,False
WY,134,510,No,No,0,296.0,93,50.32,226.4,117,19.24,246.8,98,11.11,12.3,10,3.32,0,True
TN,148,415,No,Yes,36,77.6,141,13.19,207.0,60,17.6,255.7,115,11.51,10.9,2,2.94,1,False
CT,134,408,No,Yes,32,80.3,94,13.65,199.9,124,16.99,170.8,117,7.69,16.6,3,4.48,0,False
OH,162,415,No,No,0,135.2,98,22.98,242.0,107,20.57,246.9,96,11.11,10.2,2,2.75,2,False
IN,72,510,No,No,0,287.4,116,48.86,235.3,126,20.0,292.1,114,13.14,5.0,3,1.35,4,True
NC,95,408,No,No,0,128.6,115,21.86,216.2,88,18.38,255.3,96,11.49,6.3,2,1.7,6,True
ID,113,415,No,Yes,30,183.8,102,31.25,183.4,123,15.59,235.0,52,10.58,11.6,7,3.13,0,False
RI,76,415,No,No,0,171.1,78,29.09,257.2,83,21.86,91.6,92,4.12,16.2,3,4.37,1,False
CO,103,415,No,Yes,37,153.5,78,26.1,241.9,108,20.56,244.7,110,11.01,10.6,3,2.86,1,False
UT,148,510,No,No,0,203.0,92,34.51,150.9,125,12.83,245.5,131,11.05,14.6,9,3.94,1,False
OR,166,510,No,No,0,199.6,93,33.93,214.3,99,18.22,196.8,110,8.86,7.2,5,1.94,3,False
ME,57,415,No,No,0,221.1,101,37.59,236.7,65,20.12,252.3,137,11.35,9.5,1,2.57,0,False
ND,27,415,No,No,0,227.4,67,38.66,248.0,115,21.08,61.4,109,2.76,7.8,6,2.11,1,False
NH,123,408,No,No,0,224.0,99,38.08,210.7,80,17.91,231.9,75,10.44,2.1,5,0.57,0,False
KY,95,510,No,No,0,157.3,116,26.74,197.5,77,16.79,128.2,111,5.77,8.4,4,2.27,2,False
WV,58,408,No,Yes,39,211.9,40,36.02,274.4,76,23.32,210.5,139,9.47,5.4,4,1.46,1,False
WA,152,510,No,No,0,161.4,84,27.44,163.6,88,13.91,153.2,121,6.89,11.8,5,3.19,1,False
ID,105,408,No,No,0,232.6,96,39.54,253.4,117,21.54,154.0,101,6.93,10.5,9,2.84,1,False
KY,79,415,No,No,0,236.8,135,40.26,186.4,87,15.84,126.9,112,5.71,10.4,5,2.81,2,False
AK,99,510,No,No,0,238.4,96,40.53,246.5,130,20.95,198.4,117,8.93,12.4,4,3.35,3,False
AZ,48,415,No,Yes,27,141.1,109,23.99,224.7,94,19.1,174.3,122,7.84,13.2,2,3.56,1,False
CA,84,415,No,No,0,280.0,113,47.6,202.2,90,17.19,156.8,103,7.06,10.4,4,2.81,0,True
CT,184,510,Yes,No,0,213.8,105,36.35,159.6,84,13.57,139.2,137,6.26,5.0,10,1.35,2,False
HI,1330,510,No,No,0,217.1,615,16.95,1752.4,101,17.11,189.7,103,11.49,95.7,83,29.1,30,False
KY,1350,415,No,Yes,0,1308.3,90,337.5,1272.9,112,127.0,223.5,756,75.9,6.8,6,20.1,0,False
